MW;1-2;2-2;3-2;4-2;5-2;6-2;7-2;8-2;9-2;10-2;11-2;12-2;13-2;14-2;15-2;16-2;17-2;18-2;19-2;20-2;21-2;22-2;23-2
1,0392;19,7343;22,0393;30,0798;34,3423;31,3817;33,0939;39,3848;25,5752;29,6329;33,5159;34,7467;35,0547;36,7682;33,7012;37,7986;28,8307;31,386;39,7133;18,4217;22,6156;31,7192;29,3633;39,3228
1,1071;18,4279;23,0316;28,2377;32,8532;33,4929;34,6767;37,5575;28,326;32,2612;37,1604;28,9451;36,732;33,6954;33,4569;39,0002;25,5784;33,7529;40,4339;21,5914;23,3342;31,684;27,7158;39,5556
1,175;20,9513;21,8539;28,2794;34,4859;33,0272;35,3345;39,3267;28,1623;30,7116;34,8505;28,7772;39,0393;36,9359;34,1445;37,5485;25,3722;32,7445;36,3893;21,4054;24,0657;31,0756;22,3835;40,9637
1,2429;21,9879;20,7177;30,1166;34,1432;31,3612;35,1547;39,015;25,7414;32,8749;31,4872;33,7146;34,474;42,5891;35,2701;38,7864;25,0073;35,4445;30,9667;19,1387;22,1321;29,4499;23,6098;43,3522
1,3108;20,5182;19,6975;29,8573;33,0888;30,9348;31,4255;40,8515;24,1148;34,4904;30,7906;31,5964;32,3392;44,4976;37,0223;40,4965;27,7231;36,7458;36,8101;21,4405;26,5498;30,2079;25,9902;38,5736
1,3787;18,3625;20,9569;28,5083;29,0861;33,0216;33,8763;41,0259;27,6725;32,4186;31,8993;30,1478;30,7938;43,7189;34,6239;37,0254;27,788;34,4601;36,3868;21,127;25,4559;28,2269;19,9986;36,2349
1,4466;16,3774;21,4539;23,1474;28,0589;32,8052;35,5;41,9603;28,1131;32,3708;29,5518;32,8623;35,8683;41,5222;32,3158;37,3231;29,662;34,6101;37,7363;18,2432;22,0622;23,5837;16,69;39,9401
1,5145;15,1351;17,2805;25,5696;26,0966;32,0227;34,2016;44,626;26,2299;31,2117;30,6247;28,5806;32,2576;39,588;29,7781;37,8316;34,0367;28,9388;33,1701;17,193;22,4262;24,8296;15,4949;36,3632
1,5824;13,1429;17,8093;22,8766;27,2532;27,4032;36,058;41,083;24,74;31,9917;32,0586;31,7463;28,7507;40,5088;28,4748;32,6412;29,4195;25,5278;28,7839;16,235;21,9371;24,9813;18,7554;31,8876
1,6503;12,2441;14,6828;19,0467;26,8994;28,7158;33,6767;36,3175;26,1395;30,2906;30,1896;31,3601;26,5215;41,9659;30,0531;37,1543;27,4822;25,1339;28,9439;16,3298;21,5264;27,3795;18,1574;32,1683
1,7182;10,1158;18,2835;21,2868;29,5004;26,8443;32,5333;38,2776;25,8997;27,1294;30,9019;24,0353;25,2867;41,3817;29,9269;46,7569;27,5749;27,9626;31,8125;16,8143;20,8332;28,2599;20,9199;31,4712
1,7861;8,8077;16,3189;24,5286;28,639;24,7628;35,6229;39,1572;27,086;23,2297;29,275;26,1699;28,5147;40,0596;30,3739;42,2956;24,1954;27,2931;31,0198;16,9623;17,5643;25,5759;20,3957;31,4004
1,854;8,1236;13,6727;23,4938;25,0153;22,9722;35,8813;39,819;28,8446;19,4713;30,1344;24,728;25,9399;38,6093;31,1012;35,6282;26,7232;28,278;32,778;18,4446;16,6882;24,8832;19,4436;30,8178
1,9219;8,6526;11,1929;24,3911;24,332;21,6819;35,8722;41,0069;26,2896;20,3722;28,3832;18,9947;24,7738;41,174;28,0129;42,7692;34,0379;28,5928;35,9325;20,7325;17,8997;20,9786;23,2122;31,9043
1,9898;11,0641;12,9809;23,5792;24,0712;21,4197;35,0852;43,9671;26,59;20,7996;26,9102;20,3369;24,2297;43,1322;26,9971;40,5367;35,2205;23,7446;33,6181;18,3931;18,2338;18,5463;18,4154;32,0236
2,0577;9,6676;10,1726;22,2487;26,0446;28,3737;34,5009;46,469;25,206;20,2527;25,2537;19,6222;23,8418;38,3278;30,3669;42,2496;31,9931;30,8264;33,315;16,1658;17,8599;17,2731;12,1471;31,5867
2,1255;9,1551;8,5628;20,4222;26,6077;29,7824;35,5598;45,8176;24,9168;18,842;29,0331;18,0756;23,507;37,0744;32,4149;47,7731;30,8343;28,2676;32,2337;14,5686;15,9549;17,8585;14,325;31,0884
2,1934;10,0986;13,0099;21,4376;28,5974;28,8655;33,2318;48,4571;33,013;21,0297;32,8097;20,2446;27,708;41,8638;33,9788;54,1239;30,3283;29,686;33,56;16,1298;15,1375;18,0852;14,0128;34,5559
2,2613;11,5899;14,9609;24,7637;32,9398;32,6631;34,2749;49,4788;37,1046;22,0706;34,8598;24,0558;27,47;47,0474;31,339;48,5691;34,1502;32,8081;35,7704;20,3563;15,2469;15,8581;16,4707;35,7174
2,3292;12,4527;16,426;24,8236;35,1633;32,219;41,3077;49,5443;41,401;20,1948;35,346;28,7291;26,0313;46,2096;30,5891;53,8934;37,9009;31,179;35,077;22,4697;14,3817;16,5141;14,4597;38,2855
2,3971;14,0443;20,571;24,7;36,3342;32,8774;47,0724;52,3379;43,0783;19,9068;39,2783;27,1441;25,9186;47,5244;36,1949;59,8026;36,3002;30,4628;37,6384;23,8719;13,5432;20,0055;21,5969;41,7839
2,465;15,5131;25,4744;26,7702;40,1888;36,2447;50,1875;56,5662;44,7277;24,3537;41,6353;30,9262;29,3884;49,9194;38,8107;67,3018;38,1979;37,2442;37,082;27,6423;14,9444;27,6;23,7957;41,9434
2,5329;16,7707;29,1098;35,0402;46,7639;40,1007;54,5085;60,3142;50,51;28,2655;44,2807;36,8667;33,2399;50,0709;44,2038;74,2289;36,5477;38,23;43,7539;31,0883;18,6738;28,4033;25,7662;40,5649
2,6008;21,8302;30,2975;41,3686;53,8144;47,9735;60,9045;65,0256;62,0809;30,4785;47,5059;39,859;36,7959;47,7572;52,593;72,4391;42,555;39,9851;47,9407;37,7945;20,7399;26,8182;28,7554;42,1828
2,6687;25,5572;33,2344;46,9074;59,2914;56,2524;67,8826;70,7657;64,7186;33,1105;53,1064;50,9824;38,0914;51,4089;56,2657;83,9616;47,4349;42,4008;48,2949;46,5172;25,1458;25,8035;40,3296;46,4812
2,7366;28,8729;37,2079;48,7928;62,8534;64,3584;72,4022;79,8582;71,1059;32,7517;59,999;59,6448;43,0593;57,7231;63,2857;83,3314;51,5157;44,8295;48,5717;46,6055;29,9241;26,5877;51,5012;54,0298
2,8045;32,6385;39,131;50,6015;67,0169;68,3097;80,1589;87,6443;79,6309;36,5037;66,3032;54,8707;46,4536;61,5378;63,3242;96,3944;48,2181;48,8313;51,7974;45,795;32,9042;33,2014;49,5132;63,1591
2,8724;34,2256;42,157;53,436;70,8125;70,963;91,6005;92,9669;87,9526;42,8923;70,062;53,506;52,9939;65,7115;66,7362;102,5641;55,7939;52,7441;53,9349;47,1689;38,6358;36,5462;50,7942;68,1065
2,9403;38,4371;49,664;57,3483;74,2917;77,6914;98,5251;101,1267;101,0581;35,4629;76,3562;57,2243;54,2793;72,0875;62,5202;107,4046;60,2696;53,4548;55,8612;48,1508;40,5405;40,2195;57,6976;68,5828
3,0082;42,4124;53,3063;62,6518;71,4782;90,4257;104,1773;109,0364;104,3767;33,0279;81,8266;55,4413;52,0773;74,2526;64,054;103,8364;57,7725;58,3437;60,6232;48,6368;40,3333;42,4445;58,8649;67,9801
3,0761;43,8041;54,8824;64,6295;79,0462;96,8099;105,3556;113,895;108,6405;38,0546;82,122;55,2547;48,0313;72,7142;69,3138;105,3977;57,2478;59,4407;61,8465;47,7802;40,3482;43,0437;58,9214;72,5631
3,144;46,1797;59,391;66,739;80,7948;102,416;111,8279;119,1579;111,3669;33,7302;81,9654;59,7243;46,6235;72,3608;70,9355;112,7913;57,7008;64,6055;62,9499;43,9629;39,6943;46,1242;55,0846;77,2526
3,2119;45,1224;62,5795;71,6961;82,7658;106,6475;114,4878;129,0296;117,31;35,2923;78,3468;60,2023;53,1751;82,9613;68,6551;115,0699;55,9483;67,9819;58,3144;44,8051;36,8271;48,8369;57,2238;75,3103
3,2798;43,7141;67,8923;76,9024;81,6843;108,9563;115,3867;140,5688;120,7862;37,1611;81,8995;61,2015;54,2156;86,9119;70,9327;121,4548;52,746;67,4222;57,1121;45,7724;36,6668;50,8881;62,0253;74,2887
3,3476;47,264;69,0131;73,7491;79,1493;120,5753;115,5007;144,9903;120,0399;35,8744;82,076;63,5195;52,7318;83,6999;80,0818;129,3222;51,0058;71,476;54,2019;42,5465;43,0465;59,3666;65,4403;73,3045
3,4155;48,3885;69,1952;67,6307;82,9912;127,2568;119,978;147,5488;124,0837;36,4945;77,8332;65,0063;45,0727;88,1153;88,4018;130,0336;48,6029;69,2933;51,519;41,8925;41,8552;65,8782;69,6192;72,7176
3,4834;51,3211;73,2383;66,5738;81,1723;134,5962;123,5744;150,6924;124,4094;36,0918;75,0081;60,2897;39,7656;98,8326;94,3621;132,0361;50,0779;69,8319;51,8231;43,3104;34,2418;71,4029;68,1966;72,4188
3,5513;52,4997;77,1898;73,0619;80,9835;140,4637;127,3642;148,9436;124,7293;36,2246;74,0269;55,9463;39,0382;105,0666;92,3938;138,0625;54,5888;68,8126;53,3357;47,2423;38,0909;79,5919;67,5442;71,7318
3,6192;57,9329;85,1062;75,2816;81,7456;144,3029;122,9984;152,9987;125,6423;37,6192;72,7065;63,228;41,0919;103,5392;87,2819;149,3365;55,1532;69,1147;54,9735;55,1954;42,3624;89,6052;73,9874;73,2131
3,6871;61,6934;91,5916;82,7277;83,5046;150,7661;121,7172;160,6723;132,7065;41,8788;73,8987;74,972;43,2264;103,2356;104,0488;161,2655;56,501;73,0026;59,8943;51,6559;42,4854;104,266;82,5782;73,3634
3,755;64,67;93,5647;85,6062;83,8528;165,3391;120,9939;170,6144;137,7405;43,8019;78,356;77,1826;41,4756;106,7995;108,8556;164,887;56,8891;72,5053;59,2396;55,2879;43,8828;116,0916;85,7986;75,1094
3,8229;64,2768;100,4627;91,2948;83,0105;173,8318;123,8819;178,4299;134,2394;45,4678;77,7413;75,8889;46,4434;116,9455;123,6971;171,8764;60,5786;82,3998;61,218;59,0592;48,8295;126,059;88,3252;75,8051
3,8908;71,2806;106,4214;88,6588;89,6738;176,2576;131,5628;189,1208;134,788;50,3211;74,408;79,3645;45,4358;116,8328;123,0151;172,4028;66,4608;86,2021;64,0292;68,4584;50,8278;134,5461;94,1935;77,8812
3,9587;76,2827;107,3698;97,4232;95,6108;187,1645;130,5378;201,9674;139,9022;55,3154;70,1645;74,925;51,9363;119,2228;149,2286;185,0174;71,5962;89,7343;62,7949;75,0608;50,2277;149,1178;98,4937;82,3776
4,0266;80,0837;113,476;98,1677;97,8823;192,9314;128,6038;213,0541;148,0956;54,4447;79,9256;78,516;57,3256;115,6218;163,3958;193,984;76,8338;92,7703;66,4826;84,4978;51,1718;160,2577;108,7869;88,0393
4,0945;81,8133;117,5541;102,7427;100,4108;197,4205;127,2259;224,5859;158,8422;54,0136;81,7311;83,4278;54,948;111,0314;164,4768;199,8388;86,1121;85,3006;72,2883;91,8085;53,9493;170,9971;118,5162;93,1293
4,1624;78,2667;124,2615;105,0414;105,6765;205,3154;125,5625;238,6753;160,9025;64,4228;78,0763;88,8068;59,7894;107,8847;167,9464;214,205;85,4718;89,7197;77,9159;99,9593;52,6943;185,9397;118,566;94,572
4,2303;73,8327;121,988;110,9043;109,382;204,9245;128,167;251,8347;159,4645;70,3583;77,2295;98,3181;60,1715;108,3029;178,8142;212,2103;77,1481;93,9783;82,1574;111,4058;51,9741;193,6293;115,7023;92,7897
4,2982;74,9679;125,6469;103,8735;112,4007;210,7037;132,8278;258,992;164,4589;73,4879;73,8728;104,5489;57,8325;100,3496;176,8634;204,3617;80,0724;91,1994;84,8145;119,8815;60,8392;197,4401;115,4036;91,6545
4,3661;77,278;125,1916;106,142;113,1522;218,5064;135,5153;267,0861;163,5076;80,0065;72,5402;103,9789;63,8741;99,8938;176,5175;203,7193;86,0245;90,2993;83,9713;120,179;60,48;208,7321;117,6881;93,1011
4,434;77,2143;123,0527;113,6337;114,7481;214,2127;136,5226;274,5811;158,1354;76,369;74,9952;99,4962;63,7623;105,4448;175,9105;202,3578;88,5555;90,5311;89,9456;123,5455;60,6691;216,5253;117,2823;97,3741
4,5019;78,1623;125,0931;109,5541;120,3263;207,8911;137,0076;282,2982;155,9469;77,8281;74,5198;96,9594;64,2575;103,2713;163,5546;199,1235;83,19;93,5504;91,9284;147,5432;61,7119;220,7385;120,686;98,7058
4,5698;80,4957;127,4039;111,1344;125,7558;204,1953;137,3403;301,1932;150,4346;79,9986;72,8436;100,7567;69,9663;99,7238;160,9526;190,4457;85,8439;97,7902;88,1279;158,8325;61,2183;227,6305;118,3453;101,6934
4,6376;80,8824;123,4764;104,5281;129,788;198,6641;134,6705;294,4518;142,4701;74,7728;76,0882;102,1048;74,7656;96,591;159,2547;187,0742;86,0838;101,2288;87,7468;164,1625;62,155;231,4618;115,859;107,9289
4,7055;79,5527;127,4951;103,4104;126,6252;191,6471;134,1597;292,5456;131,0856;75,7923;80,6067;98,2418;75,492;103,0712;149,0919;187,3024;78,7866;109,5908;88,9708;159,6051;64,0213;235,0864;114,5422;110,7911
4,7734;78,7252;128,494;107,8848;122,1818;183,2676;140,0374;290,8685;126,9146;74,1964;82,2803;102,2824;72,8393;106,8227;145,9803;187,304;75,764;113,2062;92,5976;169,4845;61,9599;239,0302;112,5504;110,2808
4,8413;84,6259;127,0037;108,9283;127,6274;170,7146;142,1287;292,8389;125,3735;76,8263;84,086;107,7024;78,0389;108,5056;145,0868;184,8866;75,1653;107,5073;93,1909;175,8126;58,4609;241,0721;114,0179;113,3413
4,9092;86,4566;131,1783;107,6052;129,015;164,6513;144,1273;297,867;108,9989;72,7723;89,5967;107,725;81,0062;110,3383;143,0412;189,8928;72,182;103,7783;91,7423;172,8832;66,9175;235,4071;117,1524;115,1998
4,9901;87,1554;138,9868;106,2857;129,0874;154,1249;143,1671;311,0686;99,0329;70,5403;98,6912;108,7727;76,1919;121,4311;144,3019;197,1751;73,5327;103,133;89,2151;179,1733;71,0271;230,794;115,8359;116,2312
5,1162;90,5088;144,0127;108,0217;137,3923;142,1037;142,2429;313,6367;93,7776;67,9341;112,7056;114,6239;72,5277;130,8783;149,2272;204,8672;80,0599;102,3208;83,8059;187,5814;79,8254;239,6069;112,9306;118,8259
5,2853;93,7088;149,3438;107,8349;139,6419;133,2845;141,8737;312,4403;97,174;72,5724;130,0289;114,4394;79,5663;143,0113;149,8455;214,8172;75,5897;100,834;83,6757;187,8068;94,1654;243,8023;113,5075;127,1112
5,4568;102,2032;161,0415;110,5359;140,9067;118,7057;143,9038;301,2902;99,6962;75,8673;146,8415;113,7607;84,992;160,9118;149,5323;225,8733;72,6267;100,7072;84,551;176,7279;99,8921;237,2722;109,7169;128,7234
5,6283;112,309;173,9283;120,0993;144,3522;109,603;148,3818;301,7212;94,4305;78,5808;164,736;116,8743;86,4454;178,4088;154,4137;240,5797;80,0463;98,6027;79,6947;169,7348;113,0209;229,7972;114,6342;125,9288
5,7999;123,0083;189,4286;130,1354;150,3741;100,1943;154,931;308,7175;103,1527;78,6467;191,7794;117,2491;91,6357;206,6949;160,8985;253,2171;88,3688;93,1908;76,6944;172,5091;133,8932;225,9538;120,2041;130,1204
5,9714;139,3362;205,4941;146,8392;155,3216;96,1417;151,9963;320,3654;113,549;78,7084;227,3604;125,5552;94,6161;239,7826;175,624;272,8259;90,2477;94,6734;76,5686;164,9266;156,2101;217,7024;134,8863;135,5211
6,1429;160,291;229,2758;163,5187;165,383;93,8494;152,691;340,6224;127,0355;83,0113;269,3666;134,3915;109,113;267,8991;186,0296;309,2252;94,6004;98,7511;82,8027;157,0932;180,9106;210,0146;153,14;137,6672
6,3145;188,1041;265,9052;179,0158;176,841;93,223;152,5731;351,6279;147,749;84,542;314,3855;141,0112;123,4294;303,1608;200,4299;350,2295;110,4783;104,3486;85,2408;155,8662;211,6985;208,2199;167,6152;143,8883
6,486;215,4609;303,5165;208,6343;186,1347;94,6255;152,839;371,3139;167,6633;92,5431;369,8895;149,0564;141,2139;350,3603;224,8078;386,8937;132,9673;110,6585;94,8287;156,0201;249,5114;203,5363;193,0802;154,0602
6,6575;247,395;341,3971;247,6916;203,8945;97,4374;162,4213;397,3909;191,4637;103,1034;422,9187;164,3855;159,6593;396,8429;247,8896;417,5224;153,982;122,3988;100,605;162,2947;290,5727;203,2618;227,0209;162,8179
6,8291;281,8552;383,2041;292,8654;231,3006;100,4272;160,7073;429,0281;214,9189;114,1983;485,1946;191,0932;183,3419;438,5592;288,615;456,3585;182,7472;140,2335;110,121;166,826;336,602;207,3342;270,9767;173,8644
7,0006;321,1523;430,6765;336,1712;261,258;104,7989;164,9638;482,5327;244,9204;129,2259;566,8987;211,702;207,5257;481,5292;334,8987;507,1521;219,0223;163,0491;126,0162;177,6316;390,6719;212,2552;300,3686;191,1371
7,1721;370,3011;491,2711;393,7776;296,0887;112,2429;169,2821;543,6543;283,9716;149,9453;650,7881;235,3276;230,0569;524,3138;380,7311;560,8669;251,5081;182,9135;155,1272;189,8915;444,9746;224,106;349,9213;215,3098
7,3437;428,9569;566,6184;434,2732;332,7577;117,9966;182,0802;593,6035;333,6482;172,256;743,3157;274,5413;259,3282;566,4848;434,1575;620,9379;297,1361;220,9232;173,4819;197,1613;502,8413;237,5734;403,1279;233,1096
7,5152;483,4518;630,4464;476,5792;382,6777;128,2946;205,5603;643,4679;377,6728;200,8163;840,5172;316,6375;290,7796;605,2277;494,9419;682,1548;352,522;260,5745;186,675;213,7912;569,4803;260,1802;462,4034;250,7169
7,6867;540,8795;697,0532;536,34;438,0194;139,5217;230,533;704,4331;426,2287;232,5192;933,217;363,957;330,313;640,1067;555,3264;744,5651;408,6576;303,1655;217,6247;249,8517;633,321;290,3787;528,5004;271,4439
7,8583;600,0205;785,2064;600,9198;491,3125;153,4376;263,4576;778,9017;480,6094;275,6323;1018,7273;415,8653;375,1921;658,8377;595,8906;805,8323;470,0532;366,502;248,5621;293,1515;694,8233;330,4035;601,0826;298,9119
8,0298;672,6372;854,3892;674,4453;540,8441;172,4865;292,1584;863,3571;539,5239;320,0312;1107,7485;468,534;412,2038;663,0233;664,2399;860,6052;540,5935;440,7019;281,7098;342,298;750,8315;367,3653;681,0511;327,4689
8,2013;739,5657;927,0223;756,2808;591,4523;192,5147;333,1945;952,0505;601,3004;368,4796;1183,7269;519,0943;438,4161;663,9331;735,8547;930,7748;623,0849;527,5844;324,0184;404,2228;798,7361;415,2835;775,2459;361,0256
8,3729;803,1035;993,5027;842,8815;665,2726;208,7032;393,9684;1047,0982;666,9805;424,4939;1257,4903;579,5226;480,4919;652,7251;784,2445;1011,0068;700,0664;625,6109;366,6765;478,5256;847,9286;469,9909;867,3338;407,2739
8,5444;856,6363;1048,541;926,3719;737,4838;231,5027;463,3371;1141,2819;747,3942;478,3153;1320,3258;643,6208;510,6098;631,9267;875,2731;1044,0022;751,1198;740,8266;416,0509;564,722;887,8155;528,6831;951,1264;430,3932
8,7159;915,3008;1121,3663;993,3081;794,4109;256,6804;542,5979;1228,9886;814,1228;536,1047;1342,011;699,3955;537,6065;604,6171;897,9506;1034,2227;799,4389;883,3726;464,6692;669,572;928,1994;590,8241;1037,6872;453,7845
8,8875;960,1535;1188,8772;1053,7565;857,9474;283,6606;648,3637;1309,5129;856,5161;592,4819;1332,9618;758,8645;562,0094;573,6984;894,2337;1005,3853;867,341;1034,8784;515,831;796,7392;967,0494;662,0163;1116,6071;479,9944
9,059;1006,0476;1218,454;1101,3746;914,1472;319,9513;771,187;1380,0429;897,1137;652,051;1280,8793;809,0313;578,8581;540,4092;875,6227;989,3689;907,2208;1213,6307;575,7878;931,0897;988,6021;730,2306;1173,5586;509,4755
9,2305;1048,8409;1241,8265;1153,7935;963,761;354,6039;914,282;1450,6004;917,1415;702,2956;1248,2602;857,814;601,4515;509,382;858,3791;982,0377;930,366;1399,7586;633,588;1072,647;1047,3963;790,6984;1248,2458;530,7436
9,4021;1083,6379;1263,6287;1222,8061;1034,9917;378,6514;1078,5014;1505,6661;929,7177;728,4344;1238,2997;889,4083;616,0997;487,9511;845,9923;956,6792;991,6995;1605,5164;687,0286;1229,2534;1069,2026;842,7882;1330,3161;548,6094
9,5736;1094,5587;1294,3243;1253,1364;1100,6629;415,685;1247,6383;1527,4646;930,0762;751,431;1246,1911;888,1855;646,388;459,134;816,42;895,5609;1073,46;1785,8328;733,587;1398,8474;1072,4673;896,5844;1365,028;560,0732
9,7451;1095,9737;1317,3137;1261,282;1142,7188;453,9319;1418,0733;1481,7302;926,5371;783,472;1260,9993;910,3055;669,2491;427,6979;791,3002;864,3125;1081,2031;1983,7455;776,3611;1558,6179;1094,4051;949,0085;1413,2297;569,8207
9,9167;1116,2881;1323,2073;1275,5325;1203,5701;493,576;1616,1673;1481,9547;887,8349;780,9999;1230,7119;941,5079;657,1042;389,4849;735,243;804,0352;1093,5661;2145,8123;803,945;1695,5342;1115,7242;966,8206;1485,766;571,9524
10,0882;1128,1301;1297,6216;1281,4735;1274,6543;539,8549;1836,7581;1412,3314;840,2684;760,5592;1180,1924;950,1116;643,524;356,8812;696,3007;746,1799;1107,975;2279,3037;829,2529;1836,5007;1085,5038;970,7052;1504,1054;557,8261
10,2597;1117,1324;1313,6032;1280,4292;1331,5673;584,1466;2038,5552;1362,99;757,3862;756,3602;1143,3403;967,0545;671,8234;316,1186;666,5977;720,2133;1100,7093;2383,2839;825,5913;1979,8784;1059,4619;958,1847;1509,3021;552,1112
10,4313;1093,5604;1275,3531;1282,2544;1383,3393;605,1741;2221,5758;1332,3481;665,1695;734,5756;1085,3262;979,234;662,8491;269,123;620,4758;677,66;1064,6939;2454,2625;798,0577;2090,8977;1051,6813;927,8957;1502,0397;541,9157
10,6028;1042,5559;1216,4487;1259,3037;1440,8674;636,8157;2417,7089;1321,7821;582,7441;714,0269;997,3004;965,9562;628,9562;250,1165;592,1441;629,9356;1013,6636;2361,8774;754,4435;2175,3317;1019,6426;892,4779;1452,0707;534,384
10,7743;980,065;1151,3306;1151,7614;1428,4077;657,1045;2624,9972;1333,6455;497,5635;698,7161;866,835;917,2244;572,7446;206,7475;537,0445;588,6371;953,3342;2255,6526;689,6954;2234,3083;948,1747;846,3423;1395,9939;523,0573
10,9459;903,7243;1083,9099;1050,508;1391,3063;663,381;2778,5793;1284,9117;423,0364;668,5345;740,4815;871,3472;519,6246;178,4612;487,4006;540,0001;889,9838;2094,7542;617,9795;2252,9394;890,8826;793,7773;1329,8441;485,6641
11,1174;821,1478;987,4919;949,7959;1340,9764;679,9326;2855,3341;1172,8685;357,8155;628,3079;614,8267;806,9846;458,4926;168,3969;439,2874;487,9797;819,5306;1907,9983;554,9243;2233,1657;833,4421;739,8959;1243,5353;446,3569
11,2889;738,503;886,4453;844,0768;1272,9427;695,8323;2851,7018;1100,7945;296,9338;594,4463;507,9165;731,6963;402,1244;152,3164;381,8287;439,7771;745,9792;1679,6455;491,7233;2163,9417;769,5934;691,6197;1138,6169;434,8339
11,4605;654,474;806,2136;751,2529;1193,7976;707,4142;2747,8455;1019,8412;246,2398;556,971;405,1565;660,3998;350,5749;140,0772;328,3954;389,6961;686,2761;1432,3353;417,9096;2070,9978;710,3409;646,0713;1029,6335;411,944
11,632;580,5587;718,4168;674,7643;1082,3025;724,473;2651,9636;935,5053;214,4616;512,6443;308,9705;588,8703;306,6742;133,674;288,0065;338,9724;636,8934;1204,6592;360,3551;1965,0251;654,5064;608,6889;910,0661;376,0004
11,8035;512,1156;624,6246;606,8536;994,4378;766,053;2457,7353;825,7799;197,6313;468,0382;232,9271;515,3679;279,0596;133,4223;251,9842;309,615;587,4528;986,8958;319,5669;1872,355;588,2423;580,4036;820,9251;357,0763
11,9791;455,5579;548,5214;547,1653;884,2761;828,942;2233,9766;726,0859;169,2045;417,8293;182,663;458,1228;245,841;135,7486;228,8787;304,3664;552,0116;791,7811;276,4273;1770,0653;522,0494;548,9639;716,2102;333,9159
12,1695;405,2927;505,3509;498,0656;786,9882;901,784;1993,7375;653,4266;143,8278;373,3914;147,4351;394,1062;224,6721;129,4027;216,4108;295,0165;524,7983;634,2139;239,6446;1614,7947;466,8113;525,6587;636,0352;303,186
12,3667;366,4329;471,2185;457,3771;694,6327;1000,4611;1733,0702;575,6389;139,6239;332,1211;122,7559;347,7121;197,8201;125,2755;218,0027;272,314;486,9988;515,4752;216,4911;1466,2987;418,6026;501,7058;561,7214;293,9864
12,5644;340,0835;430,438;434,37;608,8446;1119,129;1499,8732;490,3449;133,987;289,796;107,9671;315,7554;184,4498;131,9485;209,7411;256,5033;451,7705;419,8901;194,3044;1328,1625;373,5314;480,6052;510,1541;285,4554
12,7621;323,5575;401,2555;426,8875;549,1325;1264,0738;1255,0618;435,3694;130,0711;255,8227;97,6427;288,2059;179,9832;136,0025;205,2111;258,1108;431,1461;342,7612;183,1593;1177,0927;334,3156;461,2649;460,4388;276,1788
12,9598;306,9951;391,553;418,1781;492,7131;1430,0217;1045,5344;394,5399;128,2685;223,3855;93,3527;262,7418;180,8689;143,2577;211,8027;275,4319;416,4287;279,7296;179,7804;1050,8296;310,537;448,2157;422,1356;271,0707
13,1575;303,9026;396,5051;413,0559;450,9186;1603,7329;871,635;356,8283;130,9332;193,45;88,7911;244,0674;181,6087;157,9559;220,0091;286,285;406,5612;236,8395;172,1052;941,6603;296,116;433,5681;384,3737;262,8378
13,3552;307,3518;394,5744;422,2118;420,551;1773,6958;723,8477;332,5912;137,5514;176,7569;85,4039;236,0684;182,5626;165,067;243,1455;281,6966;402,3756;211,3098;171,6664;850,8394;281,661;418,182;371,3929;267,8953
13,5529;310,207;396,6661;437,1544;394,1688;1944,3939;611,7358;317,6137;151,7283;170,0137;80,5194;232,0344;184,6875;171,1097;254,1165;294,8744;402,0176;192,4174;172,3343;774,7166;271,6452;417,2651;366,1176;285,9388
13,7506;317,2846;408,6078;449,5366;379,1655;2100,8386;513,4795;303,0594;163,644;164,9305;84,5774;228,4007;191,1773;170,142;263,6808;312,8315;404,9373;178,0709;172,8539;712,1381;265,4654;419,1587;368,3121;289,1088
13,9484;316,8352;413,6859;459,4937;376,4015;2223,0486;439,2968;295,5203;168,118;160,3621;86,1516;237,4036;202,5575;178,5511;272,9737;322,4484;405,07;169,9789;171,5254;651,5844;263,2479;423,189;373,8346;287,5286
14,1461;320,9439;428,329;474,7011;377,6974;2303,3504;388,3491;290,609;179,6215;160,1137;81,9872;241,5734;204,84;180,407;283,0032;347,2852;406,3842;163,8459;172,3128;611,3377;262,8758;431,6571;372,6427;297,9254
14,3438;323,2299;438,3996;486,3394;377,952;2369,128;354,1518;288,2342;189,3408;165,0797;78,2667;241,5141;200,6114;170,1853;284,4639;356,4328;412,3806;159,0738;170,9523;587,87;271,9336;438,8449;381,8496;313,3637
14,5415;330,0262;448,9425;503,2403;373,5668;2379,5084;321,6734;288,4485;197,0414;170,6288;72,5696;246,0534;202,8127;171,0875;281,9458;345,4191;423,1288;156,0023;167,7747;568,8602;275,0097;454,1707;396,5822;336,7482
14,7392;340,196;446,5058;528,2436;369,5267;2262,6995;306,692;288,8943;209,2287;168,8371;69,4098;246,9724;208,1424;172,2211;279,2055;349,7129;413,4022;157,403;166,0697;557,7686;279,2098;467,078;415,1965;342,0879
14,9369;341,0327;459,3317;521,0604;375,0877;2114,2027;304,1899;291,4495;221,3275;166,5818;64,6531;250,9343;209,2089;167,7104;275,4689;342,4424;411,4744;153,6843;156,0009;560,3239;291,4059;469,0358;423,8472;336,3848
15,1346;332,6209;467,1016;509,2327;381,0472;1979,7992;300,9776;291,2757;232,8615;166,9906;63,7437;254,3368;209,7392;156,7209;275,5286;343,8038;417,3656;145,4641;145,517;572,2965;292,7749;484,0577;445,402;342,9628
15,3323;327,3096;458,0753;513,9928;387,1347;1827,4011;310,5295;291,4015;231,1194;167,9113;64,05;263,8657;206,8821;147,2946;274,8597;339,1963;400,6121;141,7243;137,7253;595,7368;289,7278;476,5463;460,0535;362,0334
15,53;330,7998;458,4636;514,053;402,0726;1692,8392;323,5403;290,9612;230,2247;170,5535;59,423;263,1901;204,3488;149,9445;271,8269;331,2535;390,4363;138,9724;130,6769;638,1144;291,7846;481,8444;474,898;363,1354
15,7277;328,9257;463,5172;519,3096;420,5818;1522,3569;351,5669;286,9493;234,3935;171,313;60,6024;269,0664;208,1188;150,1759;267,5824;324,9785;387,299;131,606;129,2648;667,1287;289,9009;477,6635;487,0976;368,6415
15,9255;319,1952;459,6725;518,3885;433,3202;1337,4122;371,1861;286,0392;222,5143;164,4518;56,9484;277,314;204,3008;139,1612;256,4881;313,6278;378,7366;127,5812;122,3499;698,1118;285,7542;474,3534;506,1731;371,1282
16,1232;316,9331;462,0723;524,0457;444,8258;1180,6948;378,6505;287,6096;208,2422;160,7865;51,6743;278,87;193,4864;129,4512;248,1477;294,778;379,0053;129,5317;116,1667;727,66;282,025;474,437;506,8664;373,0885
16,3209;312,0695;453,8747;513,8114;454,9918;1011,1139;399,3156;283,6846;188,6958;162,644;53,0021;264,6405;185,0186;123,3187;245,7547;268,1784;370,5091;126,3398;108,3443;750,4819;273,1138;470,451;514,4998;375,1261
16,5186;303,0257;435,7601;492,5958;470,7608;867,4682;420,2042;280,7199;168,6866;166,4294;51,7891;266,7409;180,2601;114,9113;235,9625;259,5733;355,0172;125,3966;100,5047;777,3135;260,0965;461,0262;504,5187;389,7704
16,7163;293,9313;416,4019;451,338;472,0776;734,0054;443,3145;278,7883;157,7359;177,2683;47,9098;267,6708;171,9866;103,9144;223,7793;267,4085;341,9525;123,1902;90,9131;776,643;242,2627;445,3283;499,4194;382,6065
16,914;286,3648;407,7267;411,7112;470,5865;619,4837;457,6658;271,3876;149,4054;177,0097;44,5671;254,3435;159,7059;98,3318;217,2255;246,9783;320,3206;125,7126;90,7039;777,4954;223,9549;440,6672;491,1027;364,7724
17,1117;265,2267;384,5649;378,9366;472,1604;541,1571;466,3014;260,573;129,9455;173,0933;43,491;239,8815;146,0818;99,7574;208,7981;252,471;298,6159;121,6167;89,2986;766,5539;209,929;443,3176;449,1605;352,3049
17,3094;235,3176;354,2457;340,161;449,7068;469,7481;484,5323;243,2103;117,9204;174,4143;44,6299;226,8625;131,7572;98,3342;195,0489;233,1988;271,6484;118,3284;74,9529;742,4901;198,3913;444,0088;407,5204;338,3867
17,5071;214,1828;326,3219;305,097;427,736;415,313;482,9979;235,5341;104,4598;176,7831;42,9977;220,6012;120,0205;94,6029;183,8861;225,8814;248,1374;112,5;64,0212;703,4487;187,7391;452,0696;372,3394;324,066
17,7048;196,142;294,6541;268,7995;403,4411;371,7562;463,0132;230,7888;92,1628;174,3476;40,444;204,4724;111,3974;90,1705;179,708;221,4403;228,3445;108,7557;67,6075;670,6902;179,4627;469,9003;332,632;311,2258
17,9026;174,0903;264,2913;245,1053;377,8416;334,07;446,155;218,9274;85,2459;160,0202;35,7454;186,7012;101,0125;87,9567;178,3717;209,6985;209,3994;102,4871;61,9639;640,7899;178,3358;469,2294;296,9549;294,8407
18,1003;150,4786;230,8578;219,7263;341,2191;314,3754;423,9104;213,704;84,1674;151,5237;43,3385;173,799;94,4095;88,1515;175,1716;197,8415;199,2232;95,2244;58,0671;599,7551;169,4392;461,6646;265,4466;280,0979
18,298;135,709;199,5399;189,9062;307,6242;302,2397;401,926;213,4923;84,0671;146,9337;47,1412;165,3123;85,3805;84,8224;175,6639;195,2352;187,325;92,2941;60,5535;561,2018;162,3244;464,7262;238,0098;273,4901
18,4957;119,1239;181,1618;167,754;278,5518;298,5982;377,6377;193,622;86,5581;134,5383;44,3066;148,0926;75,3991;82,7539;176,8642;189,5521;174,6468;100,5505;57,527;535,4674;161,442;457,6938;212,1103;261,9952
18,6934;105,1991;165,8332;154,1238;246,4855;287,2101;334,4511;184,3014;82,1805;123,5486;42,555;132,4402;71,4817;81,0695;175,4314;186,4057;170,2891;96,7725;51,0217;506,94;160,2401;446,4595;192,7626;251,7689
18,8911;94,4377;149,7771;150,4441;224,0002;281,0103;288,1085;181,1838;81,6092;114,2012;45,25;125,7215;63,2906;79,2917;163,0525;174,7522;168,8853;85,2299;45,6943;479,3704;156,4669;431,9132;180,5903;247,0767
19,0888;86,7015;141,7998;144,4659;203,0243;280,0735;252,7039;177,0663;76,0496;107,6551;46,8583;115,9167;58,3377;80,4956;163,3423;168,4606;172,4482;83,3296;47,5713;450,1036;150,9464;409,4557;173,8343;246,4375
19,2865;81,9038;134,2165;135,6374;183,9858;280,5596;226,7256;171,8225;70,5099;101,5422;43,7014;114,9838;58,6746;78,0707;164,5071;180,9804;178,2153;89,943;50,7955;417,4692;151,6322;394,8278;170,3305;249,373
19,4842;77,6831;124,0405;133,3226;169,5192;271,638;207,7772;163,2356;69,0739;93,9618;41,8191;112,9096;60,4186;79,6187;159,6463;183,0539;182,0978;83,9075;47,8479;400,4108;152,7038;375,2986;173,1464;249,5872
19,682;75,9401;121,9786;135,4843;152,5487;274,4278;189,8285;164,7227;70,8968;89,001;42,4238;112,1854;60,1169;80,6319;156,227;169,4093;180,9942;85,45;46,1337;392,5562;152,2635;358,2943;181,0726;251,1267
19,8797;73,1496;120,7386;135,3293;141,9911;276,0829;178,907;175,1272;64,2426;85,0173;45,3998;112,2138;56,3688;88,8609;153,9696;163,1834;177,423;91,9948;47,0161;388,0085;152,9772;337,6987;182,5439;253,1399
20,0774;73,2308;114,8133;130,6259;140,2351;273,9723;172,6397;170,6013;63,2491;84,1519;45,3581;104,9692;50,9009;92,1575;147,0063;168,6571;177,7898;94,0668;48,0399;383,5435;148,749;328,1916;182,7331;248,8414
20,2751;77,8375;113,5471;131,3334;137,5007;265,2741;166,0695;159,8847;62,7814;84,9316;45,2976;109,2838;49,6333;87,9149;146,8974;170,7715;175,2579;98,9153;47,7168;383,5987;140,0977;306,4627;186,6046;241,1894
20,4728;78,7931;113,7224;128,8884;134,2815;256,7683;158,2506;155,3661;64,3931;79,211;46,0323;113,1382;52,3743;79,8789;147,0443;164,2395;174,111;103,6713;48,4292;380,7613;138,3841;298,5974;186,6727;233,3572
20,6705;74,1102;113,5812;132,1634;134,7993;250,2177;153,5736;154,3226;62,5392;78,2674;49,366;105,7815;53,7802;89,1218;147,3105;168,5721;173,6265;105,518;48,8427;381,1424;134,6127;268,8695;182,9635;226,5353
20,8682;69,4806;111,4009;131,0749;137,5287;247,1449;153,2899;151,3392;56,1865;71,9467;50,427;103,5422;46,8368;88,7626;141,141;169,1164;165,7563;110,1219;48,1826;374,2848;129,1937;257,2355;190,5306;216,7178
21,0659;68,0238;108,8386;125,2553;138,0292;233,5461;151,7004;149,9056;55,7618;70,4874;50,1942;108,2384;47,1566;90,5661;141,3827;162,2415;165,3557;110,8888;47,3891;362,7116;123,5272;251,1113;193,6157;207,0642
21,2636;67,7423;110,0199;113,8599;135,4688;220,4273;150,4513;142,9843;60,7231;71,7774;51,6642;105,1414;51,9081;85,1787;143,8904;166,8967;153,2724;112,987;46,6171;352,9552;123,0879;242,8319;176,8776;202,5871
21,4613;64,6133;106,5354;112,35;129,5072;217,5188;143,1047;140,2728;62,6946;75,8077;52,8631;103,7305;45,8068;82,9348;134,7259;168,0738;138,5141;114,0207;50,1844;346,8994;120,6637;261,9392;169,5063;200,6327
21,6591;62,2979;102,0644;108,2501;126,6108;205,3463;140,6196;150,031;67,9749;80,3831;54,5543;99,0111;42,9495;87,9733;138,1991;170,5923;132,4135;120,7901;43,705;340,3808;117,9262;250,3071;167,6352;196,3445
21,8568;64,9541;100,1286;102,9421;123,8237;194,373;142,7853;150,5635;64,9015;82,2882;48,1933;91,4245;43,8351;90,6756;141,1947;174,0277;125,5121;114,175;42,4547;325,0409;122,7785;251,5549;163,3294;191,1809
22,0545;64,3285;94,632;106,2643;124,1581;185,5669;147,5482;148,9416;70,1458;85,3594;52,1409;91,7434;44,9905;94,1468;140,7042;180,3668;118,8973;112,0258;44,112;306,4878;127,5614;262,0533;158,26;190,3101
22,2522;64,7422;93,608;111,2551;117,9636;179,5729;139,4377;140,4748;77,7023;85,8643;54,1656;96,3863;46,4302;101,1713;150,6531;187,478;119,1134;118,8786;53,4543;300,0072;123,6854;272,6777;155,4541;193,275
22,4499;65,6232;94,0356;111,5966;116,6082;175,4765;140,5324;135,1195;84,629;91,121;57,2983;93,9918;45,5213;115,1484;156,3061;202,2872;129,9684;110,4123;47,9594;294,629;125,4328;276,8355;161,3198;197,2172
22,6476;67,72;98,6312;109,8417;116,5789;172,0543;138,8954;137,4437;92,3417;95,4912;56,2596;94,1448;50,4197;121,5828;164,0227;219,4009;181,055;104,0177;45,9118;295,6421;129,6608;295,6707;165,5115;200,9819
22,8453;66,5045;97,3396;109,9071;117,2859;163,3235;129,1981;147,7552;107,2813;96,5277;55,7655;100,2602;56,7337;130,4503;176,5846;233,9238;225,6544;104,3188;44,6155;300,4869;142,1147;326,742;165,7473;200,9215
23,043;68,7353;99,4551;113,3691;115,6975;162,584;125,2541;152,0856;111,7317;96,883;54,9087;103,9254;53,9795;142,7669;197,6371;249,3665;188,8813;106,8816;49,1849;306,5345;151,109;335,302;171,0462;205,073
23,2407;75,2749;107,2376;118,9281;114,6504;164,6862;125,1204;153,4566;110,6579;99,8097;59,7527;107,0244;56,4687;165,6204;213,835;273,1114;140,7546;116,0085;52,9331;319,9624;163,3533;352,8516;175,1329;211,8437
23,4384;77,8203;113,2263;134,2735;123,3504;171,7286;127,3917;155,329;129,8045;101,906;66,4714;113,7211;63,6512;164,3032;232,3753;295,2003;140,1909;125,0909;54,0079;347,4034;175,0475;379,2459;187,9222;219,4807
23,6362;82,4425;123,3896;145,1237;128,9459;175,5977;124,2151;168,4821;151,5628;101,4308;69,1751;123,2542;73,2632;178,9862;251,2108;306,4323;150,4713;135,071;57,9401;367,2875;182,3977;392,6949;199,1575;227,7554
23,8339;88,0735;132,8556;158,5973;138,9645;180,2298;119,9313;173,9247;154,5333;101,0703;75,6896;131,0974;77,2734;197,0093;264,1048;326,3625;159,8523;140,7847;61,9669;379,2955;191,5785;398,6781;215,2626;233,1097
24,0316;98,8742;144,9374;168,0141;150,5028;184,0509;126,3646;174,0535;163,9637;102,6039;87,543;139,0978;83,7378;213,2165;283,9075;349,7394;167,9563;149,5212;62,5304;395,2979;206,2113;382,5551;236,4626;241,248
24,2293;114,3457;159,441;176,958;160,59;195,2545;133,0107;186,9776;177,3182;104,2633;98,7975;149,7148;93,1981;234,2217;304,0855;373,1916;177,4794;166,8946;65,7406;415,5096;212,6194;367,4785;248,981;235,1943
24,427;128,7271;175,8772;190,1128;178,7264;208,4841;139,5294;201,7875;198,4134;102,4577;105,2877;165,5307;102,8463;258,8359;321,8402;396,6685;186,6428;185,244;75,8867;432,9639;218,5773;367,6566;268,4313;234,9249
24,6247;138,1945;195,2213;219,25;193,7246;218,0069;138,2258;216,1857;209,8428;109,5734;116,5585;187,4646;114,431;282,3148;347,201;422,321;197,7137;211,8882;84,8483;460,344;230,7672;358,6937;298,5612;228,4023
24,8224;159,374;220,034;246,8273;217,8223;223,3139;142,5143;233,7279;222,703;112,5908;130,9118;202,9424;127,1059;299,7724;364,3462;446,2707;211,844;244,2751;87,0334;480,3818;249,4417;353,2685;332,721;217,2571
25,0201;179,8401;249,9412;272,1659;243,6164;231,4318;154,5011;254,1502;246,9843;110,1973;148,3445;223,5122;145,9809;333,3572;385,2764;477,1874;230,6473;288,6788;92,8214;524,7575;266,6397;339,0797;366,2776;211,9785
25,2178;200,7602;277,8867;299,252;268,5855;244,855;165,9501;279,0827;268,7683;114,1246;171,3537;245,2441;164,7516;362,2893;405,3563;509,5091;249,6324;330,8612;101,0031;571,7926;278,429;336,5295;388,0228;207,5097
25,4156;224,3445;303,0823;322,4456;299,6081;252,4276;179,9854;301,6932;290,3508;117,5891;194,4522;262,3448;181,998;405,9173;428,2703;542,3534;269,6201;384,4066;114,6803;599,5417;284,8254;347,9369;414,4897;205,1964
25,6133;252,2001;334,805;352,8752;334,1479;265,883;194,8967;329,455;317,2947;124,1193;217,3508;284,1746;201,9147;406,9126;451,2251;579,3126;288,672;450,6257;132,1434;629,3898;293,7356;357,7271;450,8484;211,8438
25,811;283,6173;374,3266;381,5552;370,3126;279,0857;213,7387;370,2163;345,5109;136,0393;243,3147;305,1438;228,172;429,1493;474,26;613,7853;319,936;516,8515;150,0095;659,8486;294,8299;375,7198;483,6599;216,6642
26,02;319,3567;409,5674;409,1549;408,7761;291,2955;238,9591;406,7213;372,6993;145,34;273,6119;329,0343;262,8017;464,1352;509,6584;642,2548;355,7444;598,2131;170,827;702,0614;298,5189;383,4058;517,1371;215,7648
26,2477;355,1366;445,6933;448,3935;456,7423;305,3139;278,2115;443,4112;394,7693;155,2439;301,272;359,9772;296,2625;483,7312;530,3091;666,308;394,2109;697,0701;198,5558;759,2124;313,7805;389,2025;559,0106;228,0024
26,4849;392,7408;490,9605;490,1881;512,3868;313,1406;333,0682;489,713;416,1396;173,6347;323,0044;390,0618;323,1408;499,8917;550,0148;690,1943;431,8091;790,6918;233,0368;820,5617;332,0073;408,6492;604,6164;241,5188
26,7221;432,6273;543,5895;529,8265;560,4275;320,5316;382,1915;533,4942;431,111;193,2082;345,003;416,7247;355,0182;507,737;572,1424;717,5291;467,0145;873,9235;269,33;889,1664;347,8514;426,229;648,88;237,1682
26,9594;471,8175;596,1202;570,4354;610,1414;332,5409;441,0745;585,5821;430,541;212,5883;365,4695;445,0098;395,8917;490,8209;581,6664;735,4552;508,0479;976,9366;304,0462;969,2873;362,6881;448,804;698,91;236,4969
27,1966;516,0743;644,7268;613,3368;667,1156;342,8168;513,8176;637,8977;424,9908;235,3976;381,8432;479,1035;433,373;467,5463;590,2386;737,8467;553,3565;1063,2227;338,9755;1042,5131;371,8255;465,2971;750,4805;242,1374
27,4338;554,0138;692,2582;654,1278;713,42;353,646;573,6541;685,0491;418,0211;260,4097;391,428;508,6409;465,4615;458,5264;606,0308;742,6993;596,3427;1118,6203;371,9839;1094,0098;378,4317;467,5614;791,9079;254,9645
27,6711;574,9377;731,3717;694,3734;759,2386;363,9961;624,0644;741,3954;406,1042;288,0258;389,0039;532,0354;492,903;444,1661;618,0827;747,5538;629,9392;1160,3585;393,7016;1127,8131;387,3122;478,0638;823,5811;253,8073
27,9083;598,9351;768,5987;746,5764;790,1644;362,1717;683,7897;768,0856;392,6299;307,1846;386,1864;553,7163;515,6227;413,8334;617,8963;745,4688;655,3005;1199,2523;401,7378;1176,0887;390,0351;483,9808;837,5127;248,3684
28,1456;625,1343;806,7792;771,5845;810,9838;362,1625;729,8617;773,5791;381,4183;323,2939;376,6564;565,5768;534,1516;388,5008;616,9136;732,9521;666,764;1230,4086;411,642;1231,2858;384,5941;481,3269;855,1274;243,074
28,3828;636,7842;825,2816;772,9935;828,1128;370,9985;771,3808;785,4374;367,6132;331,3521;346,9014;570,8832;546,5293;364,1352;607,9556;703,0289;662,3691;1181,2335;413,7004;1258,5614;375,1721;471,0788;870,177;231,572
28,62;640,7684;842,0331;748,0421;849,8953;386,2379;775,1636;770,9693;346,306;342,5746;323,9564;571,9938;550,322;335,4612;599,3415;676,723;638,1131;1136,3105;382,1525;1259,9939;365,9436;458,5753;868,3552;228,9068
28,8573;639,9042;821,9506;726,8555;845,7383;413,8308;740,4241;782,5486;330,3025;358,6621;302,6774;562,0607;543,9099;319,5702;593,3454;638,6323;619,5848;1066,3338;369,9154;1239,4576;353,7795;444,3698;851,2074;226,1644
29,0945;608,9819;795,4678;718,0278;832,02;432,8719;712,1831;764,5165;319,4058;363,0359;278,2349;549,8362;533,2806;309,1665;576,2703;604,5054;587,2987;1015,887;359,6408;1229,5793;335,2548;418,9821;837,7938;213,5718
29,3317;587,7498;772,3176;688,4617;805,8268;455,6994;688,9522;724,3191;296,6635;363,1631;250,4935;534,5959;521,8897;287,573;557,7087;578,0029;550,4856;1017,6868;334,415;1170,2426;311,6878;396,544;811,0705;205,5811
29,569;564,5842;729,5858;661,9154;788,0542;503,3039;648,2002;703,5147;270,7774;357,7065;229,8502;508,1209;519,6656;268,9002;526,055;550,9556;524,9966;945,8193;306,2861;1099,9078;292,3444;381,0217;783,1227;197,8968
29,8062;534,4386;695,8684;627,3449;761,3984;559,5057;606,3387;675,3118;253,7245;356,5538;208,6244;489,516;513,1762;260,7921;490,7714;520,0761;506,6804;853,9286;287,282;1025,8358;273,2844;361,501;763,4389;189,2126
30,0435;508,8016;668,0366;589,0202;728,3442;622,7697;571,0671;652,6022;237,6564;351,7221;187,5248;465,1115;487,4993;238,9451;485,8309;500,5772;468,3287;799,4095;268,4849;974,8751;253,2821;340,5999;710,4314;179,8461
30,2807;476,9286;631,6222;556,0442;695,9908;679,5992;559,5737;639,5404;220,7768;340,14;167,6809;430,8158;463,9308;235,0204;463,142;481,7663;445,3965;718,9161;250,8304;926,0941;240,7027;325,7073;672,3904;171,9997
30,5179;455,8559;590,7059;540,6063;666,4357;725,6488;534,2258;597,9252;202,2773;333,4835;148,0736;406,1976;438,2812;223,6517;441,4565;458,1537;446,7196;658,3529;234,1483;885,6289;235,772;316,3417;635,8736;168,916
30,7552;423,4746;557,337;516,2445;629,9583;770,6086;502,3843;559,7134;183,542;316,7176;132,6801;388,8685;404,5756;214,5345;419,657;433,9154;409,4195;595,5482;216,9927;825,1057;219,5722;302,3473;591,7016;163,71
30,9924;395,8566;513,3281;487,5476;600,5157;816,7978;479,5633;526,4414;169,6908;298,8188;124,1555;368,6833;368,1575;201,7039;395,3785;417,8927;366,1038;541,176;205,0106;766,4176;200,8887;296,3208;551,4225;156,8738
31,2296;357,0025;467,9094;435,19;566,966;838,0862;460,5467;490,8073;158,798;282,6872;115,5941;336,5814;330,7371;192,1228;355,7037;415,8963;343,8599;481,0638;193,9819;712,6997;187,3988;293,7847;506,6967;151,4409
31,4669;324,12;430,2641;402,6667;538,3051;845,2633;457,179;455,2442;146,4576;263,2617;104,0149;320,4067;302,6579;194,3955;353,5655;390,4964;328,5316;426,8547;189,9242;669,538;172,7378;296,6385;460,9068;151,2446
31,7041;300,7453;408,0988;370,5886;499,2533;822,4018;428,547;420,5887;135,1157;244,4516;91,9184;298,2186;279,5859;190,2732;340,201;373,5;313,0418;381,5189;175,8047;620,0386;164,5269;287,9369;425,4485;147,3933
31,9414;278,6371;373,0079;336,1041;460,2612;785,1233;405,9054;406,4317;128,1731;226,1093;82,3225;269,0102;258,2071;185,3047;319,7896;360,3726;301,0214;339,1043;157,8825;579,4929;164,4907;290,7223;399,3749;140,3944
32,1786;250,9373;340,6967;315,4102;423,6239;744,363;388,1752;365,5624;118,3874;200,1328;77,8035;235,2424;234,8206;182,2131;294,1915;343,4038;291,5454;306,9502;145,8063;542,0349;154,3673;300,4617;375,685;138,7344
32,4158;233,7487;314,6525;293,6228;393,6534;675,3699;379,1097;333,178;115,1431;174,8194;76,6439;218,8962;222,5876;178,5437;295,3657;333,8842;290,3828;284,9293;132,72;498,802;144,5146;293,3813;350,3492;140,3943
32,6531;219,2204;294,9233;272,8317;375,1809;613,1478;353,5845;311,9891;111,0255;162,6115;71,7483;211,0167;216,5551;177,6257;283,2732;329,6991;283,9617;258,0713;121,3762;467,1483;144,1829;290,6417;328,2772;143,7943
32,8903;200,561;283,1914;251,5528;345,6571;559,9473;326,7772;287,9118;111,2026;144,3316;69,4885;203,98;196,1527;175,3485;270,1092;329,0216;274,8936;247,2727;114,4859;446,4397;140,0638;290,7427;315,247;143,8447
33,1275;183,009;265,2047;234,0577;321,0886;493,4981;304,5288;270,8447;110,535;130,6797;60,494;197,483;185,6647;176,7569;263,6288;326,0047;273,0989;219,78;107,3766;425,028;132,3187;291,7398;295,2286;142,0426
33,3648;170,8308;247,6993;228,1343;309,7612;440,2962;285,0317;267,7569;108,3725;121,7254;58,2486;186,325;184,5919;177,0485;266,7036;319,9691;259,7818;198,8176;100,2582;406,6934;138,5516;297,9149;278,8564;147,6002
33,602;163,4583;232,7597;213,5272;293,5514;388,3479;264,9097;256,4286;108,1151;113,7112;52,5313;172,0023;184,7145;181,233;264,5769;321,0238;243,4622;181,6251;92,2636;386,2176;135,9575;293,1214;269,3412;147,6339
33,8393;154,2784;221,7123;200,1128;277,8401;343,8819;252,7668;249,4511;103,6157;106,5671;51,2513;163,0942;172,0029;184,8225;267,4894;326,2505;243,9731;181,9093;85,2212;374,9683;125,1815;287,3303;262,7892;148,9716
34,0765;146,9596;215,9037;203,0031;266,8114;306,7458;237,3304;247,2304;103,8243;97,5238;50,6858;159,887;171,0606;180,6106;263,2748;330,9908;240,748;176,5452;82,2841;357,7366;122,2683;286,1968;256,5276;147,8089
34,3137;142,6185;213,5242;202,0659;259,3655;279,1677;224,4704;239,7549;101,3297;92,3869;49,4696;156,7071;172,9485;184,675;266,959;335,6683;226,4973;170,4066;77,854;348,3392;119,4235;286,826;247,9986;146,3778
34,551;140,3597;214,1853;192,1672;249,5491;266,7196;208,5494;226,4907;101,954;82,6187;48,9389;156,0215;176,5035;185,9474;268,3785;339,2367;220,1563;158,4195;73,8726;335,8857;115,6771;282,0896;246,6234;145,2768
34,7882;140,1271;208,1438;190,1389;244,8789;237,8351;190,0378;220,1234;106,9948;81,5988;48,5545;158,2784;186,485;187,1187;278,4462;345,7088;219,6501;165,9078;68,6438;320,5024;121,3769;278,8734;244,3537;141,6652
35,0255;135,5469;203,8167;185,8054;239,4401;217,7047;178,2825;222,6562;116,3576;86,49;51,0711;151,1641;181,9075;201,9753;287,408;357,5367;218,807;149,8888;64,8522;313,2683;116,6407;275,3501;241,6861;137,8747
35,2627;135,0903;205,2435;178,6105;237,9851;209,0389;170,7852;226,4985;112,311;82,8424;53,5498;148,6833;192,6633;197,0612;282,4796;363,1555;220,5676;161,4037;67,3352;308,1769;115,2111;275,5486;239,6777;136,6934
35,4999;134,3463;202,6662;176,2087;232,0496;191,7935;163,6378;225,3911;114,4688;79,8671;52,431;145,6681;180,4007;188,9542;287,1169;356,0145;213,3034;157,1498;65,2001;295,574;113,6132;276,2873;238,1906;136,4463
35,7372;133,5978;202,2406;171,7123;226,0503;185,617;154,2615;215,4876;121,6621;75,3709;51,8178;148,4271;185,4628;198,6572;294,7281;358,2088;199,4565;159,0309;58,4625;296,3928;108,1111;267,7893;234,5924;136,4632
35,9744;133,1267;204,771;172,5875;224,3154;182,0085;147,1647;208,0948;126,3183;77,6973;51,9372;150,0624;192,4821;197,6345;296,6871;359,7014;194,2884;162,2266;59,7193;298,1244;106,4731;259,1108;234,9126;137,4347
36,2116;133,3034;201,0172;173,0557;226,9817;175,8776;136,838;209,3884;136,9515;78,39;48,6062;146,492;193,5374;192,89;293,7355;362,9809;189,3638;162,774;64,051;303,3925;113,803;255,6389;240,3883;134,5413
36,4489;132,5311;193,4611;176,7958;218,0069;167,1264;132,7644;209,7384;151,0643;79,97;50,1827;154,938;199,7368;197,2122;286,7526;361,1788;186,5813;176,5004;64,9983;304,2832;108,9487;249,3821;249,1107;132,0664
36,6861;136,7045;187,71;184,1835;214,4461;159,012;123,8498;209,7403;160,3221;78,692;53,2149;150,0273;206,7536;201,556;298,2798;353,4394;183,6536;172,3492;64,0592;308,624;103,8448;241,1608;252,3735;129,0088
36,9234;136,4787;186,347;184,5342;215,0409;146,8612;118,7042;211,5539;168,8754;75,5035;54,7983;150,1678;218,7425;186,8326;297,2717;355,3756;180,0549;185,0456;61,7825;309,0264;102,4977;237,2263;248,0442;126,3042
37,1606;138,3342;186,1952;183,1681;218,3085;147,5954;115,3651;212,4828;172,6266;76,7315;55,6244;149,3186;222,9922;179,5933;286,6755;357,6302;183,2825;190,7503;60,7587;301,2945;107,1722;230,9081;250,3878;125,41
37,3978;143,5984;189,2811;183,2232;219,054;147,6553;116,4793;212,4892;179,3917;77,6755;59,2169;151,096;228,9511;184,6716;266,182;343,5152;185,2587;204,5862;59,1085;301,8317;108,326;218,4745;264,679;128,2614
37,6351;149,8448;192,9374;191,6377;230,0449;137,6507;111,8642;210,1305;182,742;81,9364;63,782;153,3156;238,3249;177,0389;253,5838;336,5376;185,7504;230,3905;58,2287;304,9846;102,0773;212,2157;272,9873;127,1884
37,8723;151,5924;194,8367;200,049;230,8594;134,0097;109,6516;215,9425;186,1664;80,4769;59,767;153,2123;245,6399;171,5958;253,9931;333,4817;185,9571;268,3028;59,6527;319,6001;98,3521;211,9831;266,1917;118,2087
38,1095;154,1307;196,6593;207,9115;235,7964;137,3044;118,7319;227,7028;181,8377;82,0554;56,7413;152,9572;252,0352;165,6486;259,6847;321,9751;179,8659;302,3499;60,8425;324,1007;96,5539;216,5408;269,5508;114,423
38,3468;156,2333;203,3159;207,2698;241,9608;135,6315;119,1217;215,8818;173,6759;81,9529;57,4986;157,5368;258,874;164,9709;257,9973;312,6426;180,1178;329,6226;65,2592;337,6681;94,9272;206,0651;272,8368;112,5223
38,584;157,0203;207,6504;195,0596;247,5218;139,0544;116,5721;215,7737;162,206;81,2658;60,3253;162,9794;271,339;161,6462;259,1139;309,3912;177,7535;356,3448;63,1255;361,0325;95,9541;205,6099;274,6331;104,3524
38,8213;157,6579;203,6657;197,9504;259,7025;140,7684;113,2785;228,2196;151,9563;86,3852;63,0316;166,5284;267,2095;157,5352;255,4735;305,9714;181,5389;367,3706;62,2433;376,68;95,4643;200,4006;275,8204;102,0722
39,0585;154,0771;201,5553;199,7357;267,477;138,1157;112,7631;220,1442;141,884;84,2132;58,2761;175,7449;263,1495;142,6257;244,3174;295,8729;181,9626;375,4775;69,2835;373,6078;94,4818;200,2581;276,9257;105,4594
39,2957;151,8048;196,4124;199,1294;264,6746;137,8123;119,9996;234,1036;133,6857;87,2668;56,3782;174,5998;262,438;136,8745;243,8865;279,21;180,4444;387,3357;70,9071;392,1477;95,4613;196,3679;275,6736;106,1349
39,533;151,5123;194,8391;201,5794;270,1792;143,5426;112,3652;233,9706;121,2857;89,5329;56,3489;164,7147;254,7577;134,4733;240,357;277,296;166,3882;395,4004;69,0721;393,0646;95,2538;200,3043;272,3321;101,6435
39,7702;149,3296;193,2428;198,9292;275,4529;143,2436;116,266;215,2624;113,3049;92,5216;54,2905;172,7996;238,8926;128,3959;223,241;273,9861;169,3302;395,379;68,2859;398,7814;95,3235;195,4052;268,2588;99,5951
40,0074;146,7442;186,9325;189,3254;270,9445;137,3264;118,6302;210,2493;108,1783;93,8909;54,4432;180,5024;224,1083;122,7294;220,3552;265,5103;175,0014;386,0846;68,3223;405,4834;94,5155;185,8751;266,149;103,8011
40,2447;141,4492;180,5377;183,9054;264,3947;133,9673;113,8167;213,5621;100,8309;93,3593;53,3771;173,7228;212,2799;120,8801;224,5242;259,5228;172,4715;368,5165;69,6111;412,5326;95,0065;193,3792;260,2101;104,4309
40,4819;133,4159;174,8893;178,4087;258,4675;132,9497;113,1587;202,3287;95,8767;95,0137;50,6246;168,1547;193,502;119,0069;216,1032;251,1114;171,5135;357,411;66,0704;417,1573;96,1912;187,1996;253,3854;100,8909
40,7192;129,9444;173,9546;176,1194;250,9974;131,8166;117,2246;203,0329;90,4027;96,5151;50,2911;159,5018;173,5566;115,6841;201,7527;243,9734;178,4685;348,1556;59,8918;427,1666;92,0037;181,6817;246,559;101,6313
40,9564;126,8745;166,2387;172,4414;243,0469;129,8294;111,5338;196,8449;82,0029;98,9851;47,7316;150,8247;157,6181;111,8372;191,5014;235,0568;170,5562;332,0577;57,4083;427,289;86,4036;179,3195;247,4491;97,1222
41,1936;119,499;161,4346;166,3172;238,0254;131,2524;106,1341;189,4879;80,364;101,8446;40,4128;152,3314;152,4356;109,5906;194,6518;226,9145;170,3892;309,4623;56,6944;421,2214;82,0948;178,3874;234,9158;93,7409
41,4309;116,1161;156,1822;154,9324;232,6657;132,9824;101,5099;185,3408;80,9466;97,5598;37,8738;142,3386;152,8214;111,8136;190,3773;224,5941;179,8283;283,5975;55,3344;403,5129;85,7079;178,5636;223,1261;90,4077
41,6681;110,5681;151,5842;153,7167;222,9386;128,4819;99,0522;184,1512;77,0761;92,0099;39,7994;150,0525;147,0294;111,4244;181,4016;222,491;177,0746;269,9037;53,412;385,5257;90,0542;175,4879;212,5309;87,9124
41,9053;107,3583;148,1081;152,6455;217,3824;126,3913;100,3578;180,2096;73,2851;91,2507;39,3149;152,699;135,1109;106,6075;179,0806;219,8693;161,2833;262,5584;55,6278;373,3455;91,117;167,8619;208,9856;87,2309
42,1426;102,1882;142,5883;151,4153;214,5965;127,3002;99,4398;175,6373;71,3817;88,6887;39,4972;146,4393;125,92;104,7196;169,9303;215,2848;147,9394;255,6684;49,7531;379,1154;83,223;165,4672;207,5337;85,6666
42,3798;95,8411;139,4983;141,4953;210,1859;124,761;95,4544;164,2258;70,0589;84,3917;39,4209;137,8809;122,5837;104,7344;167,1238;213,1218;145,4188;238,3157;47,8387;375,4017;83,9209;163,8037;213,5054;80,2442
42,6171;93,0291;134,786;132,3231;206,4261;126,4959;89,4931;157,9655;66,8056;81,7477;36,6147;145,2101;121,3916;102,5967;165,8858;216,3154;136,3279;215,3954;50,9783;358,9879;83,3501;164,2835;207,623;76,1832
42,8543;93,2304;130,4781;129,5179;194,4945;130,4703;87,5702;158,9367;64,8037;81,8416;32,1818;141,6296;123,8659;101,4703;172,1302;208,6723;130,9871;201,7337;47,687;346,7482;84,0076;162,5071;188,1393;72,0508
43,0915;86,7222;127,3093;130,462;188,1898;128,2186;86,1703;164,5443;62,5873;80,2186;32,5883;137,859;123,7177;103,7363;170,2729;198,7308;132,9161;190,9362;43,5595;333,89;84,7702;158,2986;175,785;70,6314
43,3288;83,3647;121,5902;127,7312;182,8746;125,7114;85,7431;156,2081;61,2288;76,5805;34,4596;127,3132;123,5203;102,8194;172,7822;203,6218;130,9901;186,1947;46,5097;322,912;78,3833;148,9671;174,1413;73,1065
43,566;82,5048;118,5127;119,7103;177,2456;124,9085;84,7225;155,8645;62,9026;76,1078;34,1762;128,5483;128,2702;98,2033;166,0861;205,7335;138,4237;183,4462;47,5204;307,7743;75,8479;141,3682;180,9838;71,9136
43,8032;79,0592;119,4949;113,9986;172,6264;116,7013;77,9575;153,8003;61,8164;71,2427;32,5425;120,4489;123,44;91,7212;154,6075;205,3521;140,6974;167,707;45,1947;306,7486;72,2645;138,8231;172,4755;70,9714
44,0405;73,0435;115,3624;109,5503;166,9312;115,5844;76,3095;147,7106;59,6712;65,196;31,406;113,4913;120,0765;89,046;160,3122;205,8654;132,4354;158,7315;42,5471;295,0995;66,3468;139,2116;167,9863;68,1047
44,2777;71,1008;109,4057;106,7647;161,1796;116,7408;76,6262;147,3657;55,2015;62,3653;33,8359;118,1492;124,9429;87,82;158,6202;201,0284;133,5056;150,7673;41,9646;288,9935;65,4829;138,2579;167,3341;60,7399
44,515;66,7479;109,7527;106,5229;161,4674;107,8905;73,7387;136,3498;55,3184;61,6912;35,3294;115,7712;127,3449;89,1413;157,6571;195,2108;123,0267;142,085;41,5806;277,4496;63,4091;137,0981;160,7713;57,1474
44,7522;62,7428;108,9626;102,1771;160,4585;105,5424;71,1078;131,6347;57,2085;60,6689;32,8799;116,9971;133,932;92,7614;158,0505;187,1394;114,2007;141,8651;40,4782;261,4735;60,776;136,168;155,9187;58,9522
44,9894;61,483;103,8086;97,6311;150,9886;105,0694;63,1117;132,3018;59,7574;57,1174;33,0654;117,7467;141,0769;92,2304;150,6376;187,719;110,8027;143,2905;40,3618;251,0924;57,0041;135,8103;155,0245;55,5635
